best_model,MAE,MSE,RMSE,R2
Ridge,0.04824511765645971,0.0046957461163156435,0.06852551434550232,0.818158975827844
